<?xml version="1.0" encoding="UTF-8"?>
<!DOCTYPE keyframes PUBLIC '-//KDE//DTD krita-keyframes 1.0//EN' 'http://www.calligra.org/DTD/krita-keyframes-1.0.dtd'>
<keyframes xmlns="http://www.calligra.org/DTD/krita-keyframes"><channel name="content"/><keyframe frame="layer1" time="0" color-label="0"><offset x="0" y="0" type="point"/></keyframe><keyframe frame="layer1.f2" time="1" color-label="0"><offset x="0" y="0" type="point"/></keyframe><keyframe frame="layer1.f3" time="2" color-label="0"><offset x="0" y="0" type="point"/></keyframe><keyframe frame="layer1.f4" time="3" color-label="0"><offset x="0" y="0" type="point"/></keyframe><keyframe frame="layer1.f5" time="4" color-label="0"><offset x="0" y="0" type="point"/></keyframe><keyframe frame="layer1.f6" time="5" color-label="0"><offset x="0" y="0" type="point"/></keyframe><keyframe frame="layer1.f7" time="6" color-label="0"><offset x="0" y="0" type="point"/></keyframe><keyframe frame="layer1.f8" time="7" color-label="0"><offset x="0" y="0" type="point"/></keyframe><keyframe frame="layer1.f9" time="8" color-label="0"><offset x="0" y="0" type="point"/></keyframe><keyframe frame="layer1.f10" time="9" color-label="0"><offset x="0" y="0" type="point"/></keyframe><keyframe frame="layer1.f11" time="10" color-label="0"><offset x="0" y="0" type="point"/></keyframe><keyframe frame="layer1.f12" time="11" color-label="0"><offset x="0" y="0" type="point"/></keyframe><keyframe frame="layer1.f13" time="12" color-label="0"><offset x="0" y="0" type="point"/></keyframe><keyframe frame="layer1.f14" time="13" color-label="0"><offset x="0" y="0" type="point"/></keyframe><keyframe frame="layer1.f15" time="14" color-label="0"><offset x="0" y="0" type="point"/></keyframe><keyframe frame="layer1.f16" time="15" color-label="0"><offset x="0" y="0" type="point"/></keyframe><keyframe frame="layer1.f17" time="16" color-label="0"><offset x="0" y="0" type="point"/></keyframe><keyframe frame="layer1.f18" time="17" color-label="0"><offset x="0" y="0" type="point"/></keyframe><keyframe frame="layer1.f19" time="18" color-label="0"><offset x="0" y="0" type="point"/></keyframe><keyframe frame="layer1.f20" time="19" color-label="0"><offset x="0" y="0" type="point"/></keyframe><keyframe frame="layer1.f21" time="20" color-label="0"><offset x="0" y="0" type="point"/></keyframe><keyframe frame="layer1.f22" time="21" color-label="0"><offset x="0" y="0" type="point"/></keyframe><keyframe frame="layer1.f23" time="22" color-label="0"><offset x="0" y="0" type="point"/></keyframe><keyframe frame="layer1.f24" time="23" color-label="0"><offset x="0" y="0" type="point"/></keyframe><keyframe frame="layer1.f25" time="24" color-label="0"><offset x="0" y="0" type="point"/></keyframe><keyframe frame="layer1.f26" time="25" color-label="0"><offset x="0" y="0" type="point"/></keyframe><keyframe frame="layer1.f27" time="26" color-label="0"><offset x="0" y="0" type="point"/></keyframe><keyframe frame="layer1.f28" time="27" color-label="0"><offset x="0" y="0" type="point"/></keyframe><keyframe frame="layer1.f29" time="28" color-label="0"><offset x="0" y="0" type="point"/></keyframe><keyframe frame="layer1.f30" time="29" color-label="0"><offset x="0" y="0" type="point"/></keyframe><keyframe frame="layer1.f31" time="30" color-label="0"><offset x="0" y="0" type="point"/></keyframe><keyframe frame="layer1.f32" time="31" color-label="0"><offset x="0" y="0" type="point"/></keyframe><keyframe frame="layer1.f33" time="32" color-label="0"><offset x="0" y="0" type="point"/></keyframe><keyframe frame="layer1.f34" time="33" color-label="0"><offset x="0" y="0" type="point"/></keyframe><keyframe frame="layer1.f35" time="34" color-label="0"><offset x="0" y="0" type="point"/></keyframe><keyframe frame="layer1.f36" time="35" color-label="0"><offset x="0" y="0" type="point"/></keyframe><keyframe frame="layer1.f37" time="36" color-label="0"><offset x="0" y="0" type="point"/></keyframe><keyframe frame="layer1.f38" time="37" color-label="0"><offset x="0" y="0" type="point"/></keyframe><keyframe frame="layer1.f39" time="38" color-label="0"><offset x="0" y="0" type="point"/></keyframe><keyframe frame="layer1.f40" time="39" color-label="0"><offset x="0" y="0" type="point"/></keyframe><keyframe frame="layer1.f41" time="40" color-label="0"><offset x="0" y="0" type="point"/></keyframe><keyframe frame="layer1.f42" time="41" color-label="0"><offset x="0" y="0" type="point"/></keyframe><keyframe frame="layer1.f43" time="42" color-label="0"><offset x="0" y="0" type="point"/></keyframe><keyframe frame="layer1.f44" time="43" color-label="0"><offset x="0" y="0" type="point"/></keyframe><keyframe frame="layer1.f45" time="44" color-label="0"><offset x="0" y="0" type="point"/></keyframe><keyframe frame="layer1.f46" time="45" color-label="0"><offset x="0" y="0" type="point"/></keyframe><keyframe frame="layer1.f47" time="46" color-label="0"><offset x="0" y="0" type="point"/></keyframe><keyframe frame="layer1.f48" time="47" color-label="0"><offset x="0" y="0" type="point"/></keyframe><keyframe frame="layer1.f49" time="48" color-label="0"><offset x="0" y="0" type="point"/></keyframe><keyframe frame="layer1.f50" time="49" color-label="0"><offset x="0" y="0" type="point"/></keyframe><keyframe frame="layer1.f51" time="50" color-label="0"><offset x="0" y="0" type="point"/></keyframe><keyframe frame="layer1.f52" time="51" color-label="0"><offset x="0" y="0" type="point"/></keyframe><keyframe frame="layer1.f53" time="52" color-label="0"><offset x="0" y="0" type="point"/></keyframe><keyframe frame="layer1.f54" time="53" color-label="0"><offset x="0" y="0" type="point"/></keyframe><keyframe frame="layer1.f55" time="54" color-label="0"><offset x="0" y="0" type="point"/></keyframe><keyframe frame="layer1.f56" time="55" color-label="0"><offset x="0" y="0" type="point"/></keyframe><keyframe frame="layer1.f57" time="56" color-label="0"><offset x="0" y="0" type="point"/></keyframe><keyframe frame="layer1.f58" time="57" color-label="0"><offset x="0" y="0" type="point"/></keyframe><keyframe frame="layer1.f59" time="58" color-label="0"><offset x="0" y="0" type="point"/></keyframe><keyframe frame="layer1.f60" time="59" color-label="0"><offset x="0" y="0" type="point"/></keyframe><keyframe frame="layer1.f61" time="60" color-label="0"><offset x="0" y="0" type="point"/></keyframe><keyframe frame="layer1.f62" time="61" color-label="0"><offset x="0" y="0" type="point"/></keyframe><keyframe frame="layer1.f63" time="62" color-label="0"><offset x="0" y="0" type="point"/></keyframe><keyframe frame="layer1.f64" time="63" color-label="0"><offset x="0" y="0" type="point"/></keyframe><keyframe frame="layer1.f65" time="64" color-label="0"><offset x="0" y="0" type="point"/></keyframe><keyframe frame="layer1.f66" time="65" color-label="0"><offset x="0" y="0" type="point"/></keyframe><keyframe frame="layer1.f67" time="66" color-label="0"><offset x="0" y="0" type="point"/></keyframe><keyframe frame="layer1.f68" time="67" color-label="0"><offset x="0" y="0" type="point"/></keyframe><keyframe frame="layer1.f69" time="68" color-label="0"><offset x="0" y="0" type="point"/></keyframe><keyframe frame="layer1.f70" time="69" color-label="0"><offset x="0" y="0" type="point"/></keyframe><keyframe frame="layer1.f71" time="70" color-label="0"><offset x="0" y="0" type="point"/></keyframe><keyframe frame="layer1.f72" time="71" color-label="0"><offset x="0" y="0" type="point"/></keyframe><keyframe frame="layer1.f73" time="72" color-label="0"><offset x="0" y="0" type="point"/></keyframe><keyframe frame="layer1.f74" time="73" color-label="0"><offset x="0" y="0" type="point"/></keyframe><keyframe frame="layer1.f75" time="74" color-label="0"><offset x="0" y="0" type="point"/></keyframe><keyframe frame="layer1.f76" time="75" color-label="0"><offset x="0" y="0" type="point"/></keyframe><keyframe frame="layer1.f77" time="76" color-label="0"><offset x="0" y="0" type="point"/></keyframe><keyframe frame="layer1.f78" time="77" color-label="0"><offset x="0" y="0" type="point"/></keyframe><keyframe frame="layer1.f79" time="78" color-label="0"><offset x="0" y="0" type="point"/></keyframe><keyframe frame="layer1.f80" time="79" color-label="0"><offset x="0" y="0" type="point"/></keyframe><keyframe frame="layer1.f81" time="80" color-label="0"><offset x="0" y="0" type="point"/></keyframe><keyframe frame="layer1.f82" time="81" color-label="0"><offset x="0" y="0" type="point"/></keyframe><keyframe frame="layer1.f83" time="82" color-label="0"><offset x="0" y="0" type="point"/></keyframe><keyframe frame="layer1.f84" time="83" color-label="0"><offset x="0" y="0" type="point"/></keyframe><keyframe frame="layer1.f85" time="84" color-label="0"><offset x="0" y="0" type="point"/></keyframe><keyframe frame="layer1.f86" time="85" color-label="0"><offset x="0" y="0" type="point"/></keyframe><keyframe frame="layer1.f87" time="86" color-label="0"><offset x="0" y="0" type="point"/></keyframe><keyframe frame="layer1.f88" time="87" color-label="0"><offset x="0" y="0" type="point"/></keyframe><keyframe frame="layer1.f89" time="88" color-label="0"><offset x="0" y="0" type="point"/></keyframe><keyframe frame="layer1.f90" time="89" color-label="0"><offset x="0" y="0" type="point"/></keyframe><keyframe frame="layer1.f91" time="90" color-label="0"><offset x="0" y="0" type="point"/></keyframe><keyframe frame="layer1.f92" time="91" color-label="0"><offset x="0" y="0" type="point"/></keyframe><keyframe frame="layer1.f93" time="92" color-label="0"><offset x="0" y="0" type="point"/></keyframe><keyframe frame="layer1.f94" time="93" color-label="0"><offset x="0" y="0" type="point"/></keyframe><keyframe frame="layer1.f95" time="94" color-label="0"><offset x="0" y="0" type="point"/></keyframe><keyframe frame="layer1.f96" time="95" color-label="0"><offset x="0" y="0" type="point"/></keyframe><keyframe frame="layer1.f97" time="96" color-label="0"><offset x="0" y="0" type="point"/></keyframe><keyframe frame="layer1.f98" time="97" color-label="0"><offset x="0" y="0" type="point"/></keyframe><keyframe frame="layer1.f99" time="98" color-label="0"><offset x="0" y="0" type="point"/></keyframe><keyframe frame="layer1.f100" time="99" color-label="0"><offset x="0" y="0" type="point"/></keyframe><keyframe frame="layer1.f101" time="100" color-label="0"><offset x="0" y="0" type="point"/></keyframe><keyframe frame="layer1.f102" time="101" color-label="0"><offset x="0" y="0" type="point"/></keyframe><keyframe frame="layer1.f103" time="102" color-label="0"><offset x="0" y="0" type="point"/></keyframe><keyframe frame="layer1.f104" time="103" color-label="0"><offset x="0" y="0" type="point"/></keyframe><keyframe frame="layer1.f105" time="104" color-label="0"><offset x="0" y="0" type="point"/></keyframe><keyframe frame="layer1.f106" time="105" color-label="0"><offset x="0" y="0" type="point"/></keyframe><keyframe frame="layer1.f107" time="106" color-label="0"><offset x="0" y="0" type="point"/></keyframe><keyframe frame="layer1.f108" time="107" color-label="0"><offset x="0" y="0" type="point"/></keyframe><keyframe frame="layer1.f109" time="108" color-label="0"><offset x="0" y="0" type="point"/></keyframe><keyframe frame="layer1.f110" time="109" color-label="0"><offset x="0" y="0" type="point"/></keyframe><keyframe frame="layer1.f111" time="110" color-label="0"><offset x="0" y="0" type="point"/></keyframe><keyframe frame="layer1.f112" time="111" color-label="0"><offset x="0" y="0" type="point"/></keyframe><keyframe frame="layer1.f113" time="112" color-label="0"><offset x="0" y="0" type="point"/></keyframe><keyframe frame="layer1.f114" time="113" color-label="0"><offset x="0" y="0" type="point"/></keyframe><keyframe frame="layer1.f115" time="114" color-label="0"><offset x="0" y="0" type="point"/></keyframe><keyframe frame="layer1.f116" time="115" color-label="0"><offset x="0" y="0" type="point"/></keyframe><keyframe frame="layer1.f117" time="116" color-label="0"><offset x="0" y="0" type="point"/></keyframe><keyframe frame="layer1.f118" time="117" color-label="0"><offset x="0" y="0" type="point"/></keyframe><keyframe frame="layer1.f119" time="118" color-label="0"><offset x="0" y="0" type="point"/></keyframe><keyframe frame="layer1.f120" time="119" color-label="0"><offset x="0" y="0" type="point"/></keyframe><keyframe frame="layer1.f121" time="120" color-label="0"><offset x="0" y="0" type="point"/></keyframe><keyframe frame="layer1.f122" time="121" color-label="0"><offset x="0" y="0" type="point"/></keyframe><keyframe frame="layer1.f123" time="122" color-label="0"><offset x="0" y="0" type="point"/></keyframe><keyframe frame="layer1.f124" time="123" color-label="0"><offset x="0" y="0" type="point"/></keyframe><keyframe frame="layer1.f125" time="124" color-label="0"><offset x="0" y="0" type="point"/></keyframe><keyframe frame="layer1.f126" time="125" color-label="0"><offset x="0" y="0" type="point"/></keyframe><keyframe frame="layer1.f127" time="126" color-label="0"><offset x="0" y="0" type="point"/></keyframe><keyframe frame="layer1.f128" time="127" color-label="0"><offset x="0" y="0" type="point"/></keyframe></keyframes>