<?xml version="1.0" encoding="UTF-8"?>
<!DOCTYPE document-info PUBLIC '-//KDE//DTD document-info 1.1//EN' 'http://www.calligra.org/DTD/document-info-1.1.dtd'>
<document-info xmlns="http://www.calligra.org/DTD/document-info"><about><title>Graphiczizer Output</title><description/><subject/><abstract><![CDATA[]]></abstract><keyword/><initial-creator>Unknown</initial-creator><editing-cycles>1</editing-cycles><editing-time>5</editing-time><date>2024-06-02T07:04:25</date><creation-date>2024-06-02T07:04:19</creation-date><language/><license/></about><author><full-name/><creator-first-name/><creator-last-name/><initial/><author-title/><position/><company/></author></document-info>