<?xml version="1.0" encoding="UTF-8"?>
<!DOCTYPE DOC PUBLIC '-//KDE//DTD krita 2.0//EN' 'http://www.calligra.org/DTD/krita-2.0.dtd'>
<DOC xmlns="http://www.calligra.org/DTD/krita" editor="Graphiczizer" syntaxVersion="2.0" kritaVersion="5.2.2"><IMAGE mime="application/x-kra" width="135" height="101" profile="sRGB-elle-V2-srgbtrc.icc" description="" colorspacename="RGBA" y-res="72" x-res="72" name="Graphiczizer Output"><layers><layer x="0" y="0" colorlabel="0" filename="layer1" name="Animation #1" onionskin="0" compositeop="overlay" uuid="{ec4625aa-e985-485d-9ed1-18abbb0fd9fe}" collapsed="0" selected="true" opacity="255" channellockflags="" colorspacename="RGBA" channelflags="" nodetype="paintlayer" keyframes="layer1.keyframes.xml" visible="1" locked="1"/></layers><ProjectionBackgroundColor ColorData="AAAAAA=="/><GlobalAssistantsColor SimpleColorData="176,176,176,255"/><MirrorAxis/><Palettes/><resources/><animation><framerate value="24" type="value"/><range from="0" to="127" type="timerange"/><currentTime value="0" type="value"/></animation></IMAGE></DOC>